true,james,smith
true,john,johnson
true,robert,williams
true,michael,jones
true,mary,brown
true,william,davis
true,david,miller
true,richard,wilson
true,charles,moore
true,joseph,taylor
true,thomas,anderson
true,patricia,thomas
true,christopher,jackson
true,linda,white
true,barbara,harris
true,daniel,martin
true,paul,thompson
true,mark,garcia
true,elizabeth,martinez
true,donald,robinson
true,jennifer,clark
true,george,rodriguez
true,maria,lewis
true,kenneth,lee
true,susan,walker
true,steven,hall
true,edward,allen
true,margaret,young
true,brian,hernandez
true,ronald,king
true,dorothy,wright
true,anthony,lopez
true,lisa,hill
true,kevin,scott
true,nancy,green
true,karen,adams
true,betty,baker
true,helen,gonzalez
true,jason,nelson
true,matthew,carter
true,gary,mitchell
true,timothy,perez
true,sandra,roberts
true,jose,turner
true,larry,phillips
true,jeffrey,campbell
true,frank,parker
true,donna,evans
true,carol,edwards
true,ruth,collins
true,scott,stewart
true,eric,sanchez
true,stephen,morris
true,andrew,rogers
true,sharon,reed
true,michelle,cook
true,laura,morgan
true,sarah,bell
true,kimberly,murphy
true,deborah,bailey
true,jessica,rivera
true,raymond,cooper
true,shirley,richardson
true,cynthia,cox
true,angela,howard
true,melissa,ward
true,brenda,torres
true,amy,peterson
true,jerry,gray
true,gregory,ramirez
true,anna,james
true,joshua,watson
true,virginia,brooks
true,rebecca,kelly
true,kathleen,sanders
true,dennis,price
true,pamela,bennett
true,martha,wood
true,debra,barnes
true,amanda,ross
true,walter,henderson
true,stephanie,coleman
true,willie,jenkins
true,patrick,perry
true,terry,powell
true,carolyn,long
true,peter,patterson
true,christine,hughes
true,marie,flores
true,janet,washington
true,frances,butler
true,catherine,simmons
true,harold,foster
true,henry,gonzales
true,douglas,bryant
true,joyce,alexander
true,ann,russell
true,diane,griffin
true,alice,diaz
true,jean,hayes
true,julie,myers
true,carl,ford
true,kelly,hamilton
true,heather,graham
true,arthur,sullivan
true,teresa,wallace
true,gloria,woods
true,doris,cole
true,ryan,west
true,joe,jordan
true,roger,owens
true,evelyn,reynolds
true,juan,fisher
true,ashley,ellis
true,jack,harrison
true,cheryl,gibson
true,albert,mcdonald
true,joan,cruz
true,mildred,marshall
true,katherine,ortiz
true,justin,gomez
true,jonathan,murray
true,gerald,freeman
true,keith,wells
true,samuel,webb
true,judith,simpson
true,rose,stevens
true,janice,tucker
true,lawrence,porter
true,ralph,hunter
true,nicole,hicks
true,judy,crawford
true,nicholas,henry
true,christina,boyd
true,roy,mason
true,kathy,morales
true,theresa,kennedy
true,benjamin,warren
true,beverly,dixon
true,denise,ramos
true,bruce,reyes
true,brandon,burns
true,adam,gordon
true,tammy,shaw
true,irene,holmes
true,fred,rice
true,billy,robertson
true,harry,hunt
true,jane,black
true,wayne,daniels
true,louis,palmer
true,lori,mills
true,steve,nichols
true,tracy,grant
true,jeremy,knight
true,rachel,ferguson
true,andrea,rose
true,aaron,stone
true,marilyn,hawkins
true,robin,dunn
true,randy,perkins
true,leslie,hudson
true,kathryn,spencer
true,eugene,gardner
true,bobby,stephens
true,howard,payne
true,carlos,pierce
true,sara,berry
true,louise,matthews
true,jacqueline,arnold
true,anne,wagner
true,wanda,willis
true,russell,ray
true,shawn,watkins
true,victor,olson
true,julia,carroll
true,bonnie,duncan
true,ruby,snyder
true,chris,hart
true,tina,cunningham
true,lois,bradley
true,phyllis,lane
true,jamie,andrews
true,norma,ruiz
true,martin,harper
true,paula,fox
true,jesse,riley
true,diana,armstrong
true,annie,carpenter
true,shannon,weaver
true,ernest,greene
true,todd,lawrence
true,phillip,elliott
true,lee,chavez
true,lillian,sims
true,peggy,austin
true,emily,peters
true,crystal,kelley
true,kim,franklin
true,craig,lawson
true,carmen,fields
true,gladys,gutierrez
true,connie,ryan
true,rita,schmidt
true,alan,carr
true,dawn,vasquez
true,florence,castillo
true,dale,wheeler
true,sean,chapman
true,francis,oliver
true,johnny,montgomery
true,clarence,richards
true,philip,williamson
true,edna,johnston
true,tiffany,banks
true,tony,meyer
true,rosa,bishop
true,jimmy,mccoy
true,earl,howell
true,cindy,alvarez
true,antonio,morrison
true,luis,hansen
true,mike,fernandez
true,danny,garza
true,bryan,harvey
true,grace,little
true,stanley,burton
true,leonard,stanley
true,wendy,nguyen
true,nathan,george
true,manuel,jacobs
true,curtis,reid
true,victoria,kim
true,rodney,fuller
true,norman,lynch
true,edith,dean
true,sherry,gilbert
true,sylvia,garrett
true,josephine,romero
true,allen,welch
true,thelma,larson
true,sheila,frazier
true,ethel,burke
true,marjorie,hanson
true,lynn,day
true,ellen,mendoza
true,elaine,moreno
true,marvin,bowman
true,carrie,medina
true,marion,fowler
true,charlotte,brewer
true,vincent,hoffman
true,glenn,carlson
true,travis,silva
true,monica,pearson
true,jeffery,holland
true,jeff,douglas
true,esther,fleming
true,pauline,jensen
true,jacob,vargas
true,emma,byrd
true,chad,davidson
true,kyle,hopkins
true,juanita,may
true,dana,terry
true,melvin,herrera
true,jessie,wade
true,rhonda,soto
true,anita,walters
true,alfred,curtis
true,hazel,neal
true,amber,caldwell
true,eva,lowe
true,bradley,jennings
true,ray,barnett
true,jesus,graves
true,debbie,jimenez
true,herbert,horton
true,eddie,shelton
true,joel,barrett
true,frederick,obrien
true,april,castro
true,lucille,sutton
true,clara,gregory
true,gail,mckinney
true,joanne,lucas
true,eleanor,miles
true,valerie,craig
true,danielle,rodriquez
true,erin,chambers
true,edwin,holt
true,megan,lambert
true,alicia,fletcher
true,suzanne,watts
true,michele,bates
true,don,hale
true,bertha,rhodes
true,veronica,pena
true,jill,beck
true,darlene,newman
true,ricky,haynes
true,lauren,mcdaniel
true,geraldine,mendez
true,troy,bush
true,stacy,vaughn
true,randall,parks
true,cathy,dawson
true,joann,santiago
true,sally,norris
true,lorraine,hardy
true,barry,love
true,alexander,steele
true,regina,curry
true,jackie,powers
true,erica,schultz
true,beatrice,barker
true,dolores,guzman
true,bernice,page
true,mario,munoz
true,bernard,ball
true,audrey,keller
true,yvonne,chandler
true,francisco,weber
true,micheal,leonard
true,leroy,walsh
true,june,lyons
true,annette,ramsey
true,samantha,wolfe
true,marcus,schneider
true,theodore,mullins
true,oscar,benson
true,clifford,sharp
true,miguel,bowen
true,jay,daniel
true,renee,barber
true,ana,cummings
true,vivian,hines
true,jim,baldwin
true,ida,griffith
true,tom,valdez
true,ronnie,hubbard
true,roberta,salazar
true,holly,reeves
true,brittany,warner
true,angel,stevenson
true,alex,burgess
true,melanie,santos
true,jon,tate
true,yolanda,cross
true,tommy,garner
true,loretta,mann
true,jeanette,mack
true,calvin,moss
true,laurie,thornton
true,leon,dennis
true,katie,mcgee
true,stacey,farmer
true,lloyd,delgado
true,derek,aguilar
true,bill,vega
true,vanessa,glover
true,sue,manning
true,kristen,cohen
true,alma,harmon
true,warren,rodgers
true,elsie,robbins
true,beth,newton
true,vicki,todd
true,jeanne,blair
true,jerome,higgins
true,darrell,ingram
true,tara,reese
true,rosemary,cannon
true,leo,strickland
true,floyd,townsend
true,dean,potter
true,carla,goodwin
true,wesley,walton
true,terri,rowe
true,eileen,hampton
true,courtney,ortega
true,alvin,patton
true,tim,swanson
true,jorge,joseph
true,greg,francis
true,gordon,goodman
true,pedro,maldonado
true,lucy,yates
true,gertrude,becker
true,dustin,erickson
true,derrick,hodges
true,corey,rios
true,tonya,conner
true,dan,adkins
true,ella,webster
true,lewis,norman
true,zachary,malone
true,wilma,hammond
true,maurice,flowers
true,kristin,cobb
true,gina,moody
true,vernon,quinn
true,vera,blake
true,roberto,maxwell
true,natalie,pope
true,clyde,floyd
true,agnes,osborne
true,herman,paul
true,charlene,mccarthy
true,charlie,guerrero
true,bessie,lindsey
true,shane,estrada
true,delores,sandoval
true,sam,gibbs
true,pearl,tyler
true,melinda,gross
true,hector,fitzgerald
true,glen,stokes
true,arlene,doyle
true,ricardo,sherman
true,tamara,saunders
true,maureen,wise
true,lester,colon
true,gene,gill
true,colleen,alvarado
true,allison,greer
true,tyler,padilla
true,rick,simon
true,joy,waters
true,johnnie,nunez
true,georgia,ballard
true,constance,schwartz
true,ramon,mcbride
true,marcia,houston
true,lillie,christensen
true,claudia,klein
true,brent,pratt
true,tanya,briggs
true,nellie,parsons
true,minnie,mclaughlin
true,gilbert,zimmerman
true,marlene,french
true,heidi,buchanan
true,glenda,moran
true,marc,copeland
true,viola,roy
true,marian,pittman
true,lydia,brady
true,billie,mccormick
true,stella,holloway
true,guadalupe,brock
true,caroline,poole
true,reginald,frank
true,dora,logan
true,jo,owen
true,cecil,bass
true,casey,marsh
true,brett,drake
true,vickie,wong
true,ruben,jefferson
true,jaime,park
true,rafael,morton
true,nathaniel,abbott
true,mattie,sparks
true,milton,patrick
true,edgar,norton
true,raul,huff
true,maxine,clayton
true,irma,massey
true,myrtle,lloyd
true,marsha,figueroa
true,mabel,carson
true,chester,bowers
true,ben,roberson
true,andre,barton
true,adrian,tran
true,lena,lamb
true,franklin,harrington
true,duane,casey
true,christy,boone
true,tracey,cortez
true,patsy,clarke
true,gabriel,mathis
true,deanna,singleton
true,jimmie,wilkins
true,hilda,cain
true,elmer,bryan
true,christian,underwood
true,bobbie,hogan
true,gwendolyn,mckenzie
true,nora,collier
true,mitchell,luna
true,jennie,phelps
true,brad,mcguire
true,ron,allison
true,roland,bridges
true,nina,wilkerson
true,margie,nash
true,leah,summers
true,harvey,atkins
true,cory,wilcox
true,cassandra,pitts
true,arnold,conley
true,priscilla,marquez
true,penny,burnett
true,naomi,richard
true,kay,cochran
true,karl,chase
true,jared,davenport
true,carole,hood
true,olga,gates
true,jan,clay
true,brandy,ayala
true,lonnie,sawyer
true,leona,roman
true,dianne,vazquez
true,claude,dickerson
true,sonia,hodge
true,jordan,acosta
true,jenny,flynn
true,felicia,espinoza
true,erik,nicholson
true,lindsey,monroe
true,kerry,wolf
true,darryl,morrow
true,velma,kirk
true,neil,randall
true,miriam,anthony
true,becky,whitaker
true,violet,oconnor
true,kristina,skinner
true,javier,ware
true,fernando,molina
true,cody,kirby
true,clinton,huffman
true,tyrone,bradford
true,toni,charles
true,ted,gilmore
true,rene,dominguez
true,mathew,oneal
true,lindsay,bruce
true,julio,lang
true,darren,combs
true,misty,kramer
true,mae,heath
true,lance,hancock
true,sherri,gallagher
true,shelly,gaines
true,sandy,shaffer
true,ramona,short
true,pat,wiggins
true,kurt,mathews
true,jody,mcclain
true,daisy,fischer
true,nelson,wall
true,katrina,small
true,erika,melton
true,claire,hensley
true,allan,bond
true,hugh,dyer
true,guy,cameron
true,clayton,grimes
true,sheryl,contreras
true,max,christian
true,margarita,wyatt
true,geneva,baxter
true,dwayne,snow
true,belinda,mosley
true,felix,shepherd
true,faye,larsen
true,dwight,hoover
true,cora,beasley
true,armando,glenn
true,sabrina,petersen
true,natasha,whitehead
true,isabel,meyers
true,everett,keith
true,ada,garrison
true,wallace,vincent
true,sidney,shields
true,marguerite,horn
true,ian,savage
true,hattie,olsen
true,harriet,schroeder
true,rosie,hartman
true,molly,woodard
true,kristi,mueller
true,ken,kemp
true,joanna,deleon
true,iris,booth
true,cecilia,patel
true,brandi,calhoun
true,bob,wiley
true,blanche,eaton
true,julian,cline
true,eunice,navarro
true,angie,harrell
true,alfredo,lester
true,lynda,humphrey
true,ivan,parrish
true,inez,duran
true,freddie,hutchinson
true,dave,hess
true,alberto,dorsey
true,madeline,bullock
true,daryl,robles
true,byron,beard
true,amelia,dalton
true,alberta,avila
true,sonya,vance
true,perry,rich
true,morris,blackwell
true,monique,york
true,maggie,johns
true,kristine,blankenship
true,kayla,trevino
true,jodi,salinas
true,janie,campos
true,isaac,pruitt
true,genevieve,moses
true,candace,callahan
true,yvette,golden
true,willard,montoya
true,whitney,hardin
true,virgil,guerra
true,ross,mcdowell
true,opal,carey
true,melody,stafford
true,maryann,gallegos
true,marshall,henson
true,fannie,wilkinson
true,clifton,booker
true,alison,merritt
true,susie,miranda
true,shelley,atkinson
true,sergio,orr
true,salvador,decker
true,olivia,hobbs
true,luz,preston
true,kirk,tanner
true,flora,knox
true,andy,pacheco
true,verna,stephenson
true,terrance,glass
true,seth,rojas
true,mamie,serrano
true,lula,marks
true,lola,hickman
true,kristy,english
true,kent,sweeney
true,beulah,strong
true,antoinette,prince
true,terrence,mcclure
true,gayle,conway
true,eduardo,walter
true,pam,roth
true,kelli,maynard
true,juana,farrell
true,joey,lowery
true,jeannette,hurst
true,enrique,nixon
true,donnie,weiss
true,candice,trujillo
true,wade,ellison
true,hannah,sloan
true,frankie,juarez
true,bridget,winters
true,austin,mclean
true,stuart,randolph
true,karla,leon
true,evan,boyer
true,celia,villarreal
true,vicky,mccall
true,shelia,gentry
true,patty,carrillo
true,nick,kent
true,lynne,ayers
true,luther,lara
true,latoya,shannon
true,fredrick,sexton
true,della,pace
true,arturo,hull
true,alejandro,leblanc
true,wendell,browning
true,sheri,velasquez
true,marianne,leach
true,julius,chang
true,jeremiah,house
true,shaun,sellers
true,otis,herring
true,kara,noble
true,jacquelyn,foley
true,erma,bartlett
true,blanca,mercado
true,angelo,landry
true,alexis,durham
true,trevor,walls
true,roxanne,barr
true,oliver,mckee
true,myra,bauer
true,morgan,rivers
true,luke,everett
true,leticia,bradshaw
true,krista,pugh
true,homer,velez
true,gerard,rush
true,doug,estes
true,cameron,dodson
true,sadie,morse
true,rosalie,sheppard
true,robyn,weeks
true,kenny,camacho
true,ira,bean
true,hubert,barron
true,brooke,livingston
true,bethany,middleton
true,bernadette,spears
true,bennie,branch
true,antonia,blevins
true,angelica,chen
true,alexandra,kerr
true,adrienne,mcconnell
true,traci,hatfield
true,rachael,harding
true,nichole,ashley
true,muriel,solis
true,matt,herman
true,mable,frost
true,lyle,giles
true,laverne,blackburn
true,kendra,william
true,jasmine,pennington
true,ernestine,woodward
true,chelsea,finley
true,alfonso,mcintosh
true,rex,koch
true,orlando,best
true,ollie,solomon
true,neal,mccullough
true,marcella,dudley
true,loren,nolan
true,krystal,blanchard
true,ernesto,rivas
true,elena,brennan
true,carlton,mejia
true,blake,kane
true,angelina,benton
true,wilbur,joyce
true,taylor,buckley
true,shelby,haley
true,rudy,valentine
true,roderick,maddox
true,paulette,russo
true,pablo,mcknight
true,omar,buck
true,noel,moon
true,nadine,mcmillan
true,lorenzo,crosby
true,lora,berg
true,leigh,dotson
true,kari,mays
true,horace,roach
true,grant,church
true,estelle,chan
true,dianna,richmond
true,willis,meadows
true,rosemarie,faulkner
true,rickey,oneill
true,mona,knapp
true,kelley,kline
true,doreen,barry
true,desiree,ochoa
true,abraham,jacobson
true,rudolph,gay
true,preston,avery
true,malcolm,hendricks
true,kelvin,horne
true,johnathan,shepard
true,janis,hebert
true,hope,cherry
true,ginger,cardenas
true,freda,mcintyre
true,damon,whitney
true,christie,waller
true,cesar,holman
true,betsy,donaldson
true,andres,cantu
true,wm,terrell
true,tommie,morin
true,teri,gillespie
true,robbie,fuentes
true,meredith,tillman
true,mercedes,sanford
true,marco,bentley
true,lynette,peck
true,eula,key
true,cristina,salas
true,archie,rollins
true,alton,gamble
true,sophia,dickson
true,rochelle,battle
true,randolph,santana
true,pete,cabrera
true,merle,cervantes
true,meghan,howe
true,jonathon,hinton
true,gretchen,hurley
true,gerardo,spence
true,geoffrey,zamora
true,garry,yang
true,felipe,mcneil
true,eloise,suarez
true,ed,case
true,dominic,petty
true,devin,gould
true,cecelia,mcfarland
true,carroll,sampson
true,raquel,carver
true,lucas,bray
true,jana,rosario
true,henrietta,macdonald
true,gwen,stout
true,guillermo,hester
true,earnest,melendez
true,delbert,dillon
true,colin,farley
true,alyssa,hopper
true,tricia,galloway
true,tasha,potts
true,spencer,bernard
true,rodolfo,joyner
true,olive,stein
true,myron,aguirre
true,jenna,osborn
true,edmund,mercer
true,cleo,bender
true,benny,franco
true,sophie,rowland
true,sonja,sykes
true,silvia,benjamin
true,salvatore,travis
true,patti,pickett
true,mindy,crane
true,may,sears
true,mandy,mayo
true,lowell,dunlap
true,lorena,hayden
true,lila,wilder
true,lana,mckay
true,kellie,coffey
true,kate,mccarty
true,jewel,ewing
true,gregg,cooley
true,garrett,vaughan
true,essie,bonner
true,elvira,cotton
true,delia,holder
true,darla,stark
true,cedric,ferrell
true,wilson,cantrell
true,sylvester,fulton
true,sherman,lynn
true,shari,lott
true,roosevelt,calderon
true,miranda,rosa
true,marty,pollard
true,marta,hooper
true,lucia,burch
true,lorene,mullen
true,lela,fry
true,josefina,riddle
true,johanna,levy
true,jermaine,david
true,jeannie,duke
true,israel,odonnell
true,faith,guy
true,elsa,michael
true,dixie,britt
true,camille,frederick
true,winifred,daugherty
true,wilbert,berger
true,tami,dillard
true,tabitha,alston
true,shawna,jarvis
true,rena,frye
true,ora,riggs
true,nettie,chaney
true,melba,odom
true,marina,duffy
true,leland,fitzpatrick
true,kristie,valenzuela
true,forrest,merrill
true,elisa,mayer
true,ebony,alford
true,alisha,mcpherson
true,aimee,acevedo
true,tammie,donovan
true,simon,barrera
true,sherrie,albert
true,sammy,cote
true,ronda,reilly
true,patrice,compton
true,owen,raymond
true,myrna,mooney
true,marla,mcgowan
true,latasha,craft
true,irving,cleveland
true,dallas,clemons
true,clark,wynn
true,bryant,nielsen
true,bonita,baird
true,aubrey,stanton
true,addie,snider
true,woodrow,rosales
true,stacie,bright
true,rufus,witt
true,rosario,stuart
true,rebekah,hays
true,marcos,holden
true,mack,rutledge
true,lupe,kinney
true,lucinda,clements
true,lou,castaneda
true,levi,slater
true,laurence,hahn
true,kristopher,emerson
true,jewell,conrad
true,jake,burks
true,gustavo,delaney
true,francine,pate
true,ellis,lancaster
true,drew,sweet
true,dorthy,justice
true,deloris,tyson
true,cheri,sharpe
true,celeste,whitfield
true,cara,talley
true,adriana,macias
true,adele,irwin
true,abigail,burris
true,trisha,ratliff
true,trina,mccray
true,tracie,madden
true,sallie,kaufman
true,reba,beach
true,orville,goff
true,nikki,cash
true,nicolas,bolton
true,marissa,mcfadden
true,lourdes,levine
true,lottie,good
true,lionel,byers
true,lenora,kirkland
true,laurel,kidd
true,kerri,workman
true,kelsey,carney
true,karin,dale
true,josie,mcleod
true,janelle,holcomb
true,ismael,england
true,helene,finch
true,gilberto,head
true,gale,burt
true,francisca,hendrix
true,fern,sosa
true,etta,haney
true,estella,franks
true,elva,sargent
true,effie,nieves
true,dominique,downs
true,corinne,rasmussen
true,clint,bird
true,brittney,hewitt
true,aurora,lindsay
true,wilfred,le
true,tomas,foreman
true,toby,valencia
true,sheldon,oneil
true,santos,delacruz
true,maude,vinson
true,lesley,dejesus
true,josh,hyde
true,jenifer,forbes
true,iva,gilliam
true,ingrid,guthrie
true,ina,wooten
true,ignacio,huber
true,hugo,barlow
true,goldie,boyle
true,eugenia,mcmahon
true,ervin,buckner
true,erick,rocha
true,elisabeth,puckett
true,dewey,langley
true,christa,knowles
true,cassie,cooke
true,cary,velazquez
true,caleb,whitley
true,caitlin,noel
false,bettie,vang