the,lzw
of,gx
and,sfv
to,lg
a,s
in,af
for,xgj
is,ak
on,gf
that,lzsl
by,tq
this,lzak
with,oalz
i,a
you,qgm
it,al
not,fgl
or,gj
be,tw
are,sjw
from,xjge
at,sl
as,sk
your,qgmj
all,sdd
have,zsnw
new,fwo
more,egjw
an,sf
was,osk
we,ow
will,oadd
home,zgew
can,usf
us,mk
about,stgml
if,ax
page,hsyw
my,eq
has,zsk
search,kwsjuz
free,xjww
but,tml
our,gmj
one,gfw
other,glzwj
do,vg
no,fg
information,afxgjeslagf
time,laew
they,lzwq
site,kalw
he,zw
up,mh
may,esq
what,ozsl
which,ozauz
their,lzwaj
news,fwok
out,gml
use,mkw
any,sfq
there,lzwjw
see,kww
only,gfdq
so,kg
his,zak
when,ozwf
contact,ugflsul
here,zwjw
business,tmkafwkk
who,ozg
web,owt
also,sdkg
now,fgo
help,zwdh
get,ywl
pm,he
view,nawo
online,gfdafw
c,u
e,w
first,xajkl
am,se
been,twwf
would,ogmdv
how,zgo
were,owjw
me,ew
s,k
services,kwjnauwk
some,kgew
these,lzwkw
click,udauc
its,alk
like,dacw
service,kwjnauw
x,p
than,lzsf
find,xafv
price,hjauw
date,vslw
back,tsuc
top,lgh
people,hwghdw
had,zsv
list,dakl
name,fsew
just,bmkl
over,gnwj
state,klslw
year,qwsj
day,vsq
into,aflg
email,wesad
two,log
health,zwsdlz
n,f
world,ogjdv
re,jw
next,fwpl
used,mkwv
go,yg
b,t
work,ogjc
last,dskl
most,egkl
products,hjgvmulk
music,emkau
buy,tmq
data,vsls
make,escw
them,lzwe
should,kzgmdv
product,hjgvmul
system,kqklwe
post,hgkl
her,zwj
city,ualq
t,l
add,svv
policy,hgdauq
number,fmetwj
such,kmuz
please,hdwskw
available,snsadstdw
copyright,ughqjayzl
support,kmhhgjl
message,ewkksyw
after,sxlwj
best,twkl
software,kgxlosjw
then,lzwf
jan,bsf
good,yggv
video,navwg
well,owdd
d,v
where,ozwjw
info,afxg
rights,jayzlk
public,hmtdau
books,tggck
high,zayz
school,kuzggd
through,lzjgmyz
m,e
each,wsuz
links,dafck
she,kzw
review,jwnawo
years,qwsjk
order,gjvwj
very,nwjq
privacy,hjansuq
book,tggc
items,alwek
company,ugehsfq
r,j
read,jwsv
group,yjgmh
sex,kwp
need,fwwv
many,esfq
user,mkwj
said,ksav
de,vw
does,vgwk
set,kwl
under,mfvwj
general,ywfwjsd
research,jwkwsjuz
university,mfanwjkalq
january,bsfmsjq
mail,esad
full,xmdd
map,esh
reviews,jwnawok
program,hjgyjse
life,daxw
know,cfgo
games,ysewk
way,osq
days,vsqk
management,esfsywewfl
p,h
part,hsjl
could,ugmdv
great,yjwsl
united,mfalwv
hotel,zglwd
real,jwsd
f,x
item,alwe
international,aflwjfslagfsd
center,uwflwj
ebay,wtsq
must,emkl
store,klgjw
travel,ljsnwd
comments,ugeewflk
made,esvw
development,vwnwdghewfl
report,jwhgjl
off,gxx
member,ewetwj
details,vwlsadk
line,dafw
terms,lwjek
before,twxgjw
hotels,zglwdk
did,vav
send,kwfv
right,jayzl
type,lqhw
because,twusmkw
local,dgusd
those,lzgkw
using,mkafy
results,jwkmdlk
office,gxxauw
education,wvmuslagf
national,fslagfsd
car,usj
design,vwkayf
take,lscw
posted,hgklwv
internet,aflwjfwl
address,svvjwkk
community,ugeemfalq
within,oalzaf
states,klslwk
area,sjws
want,osfl
phone,hzgfw
dvd,vnv
shipping,kzahhafy
reserved,jwkwjnwv
subject,kmtbwul
between,twlowwf
forum,xgjme
family,xseadq
l,d
long,dgfy
based,tskwv
w,o
code,ugvw
show,kzgo
o,g
even,wnwf
black,tdsuc
check,uzwuc
special,khwuasd
prices,hjauwk
website,owtkalw
index,afvwp
being,twafy
women,ogewf
much,emuz
sign,kayf
file,xadw
link,dafc
open,ghwf
today,lgvsq
technology,lwuzfgdgyq
south,kgmlz
case,uskw
project,hjgbwul
same,ksew
pages,hsywk
uk,mc
version,nwjkagf
section,kwulagf
own,gof
found,xgmfv
sports,khgjlk
house,zgmkw
related,jwdslwv
security,kwumjalq
both,tglz
g,y
county,ugmflq
american,sewjausf
photo,hzglg
game,ysew
members,ewetwjk
power,hgowj
while,ozadw
care,usjw
network,fwlogjc
down,vgof
computer,ugehmlwj
systems,kqklwek
three,lzjww
total,lglsd
place,hdsuw
end,wfv
following,xgddgoafy
download,vgofdgsv
h,z
him,zae
without,oalzgml
per,hwj
access,suuwkk
think,lzafc
north,fgjlz
resources,jwkgmjuwk
current,umjjwfl
posts,hgklk
big,tay
media,ewvas
law,dso
control,ugfljgd
water,oslwj
history,zaklgjq
pictures,haulmjwk
size,karw
art,sjl
personal,hwjkgfsd
since,kafuw
including,afudmvafy
guide,ymavw
shop,kzgh
directory,vajwulgjq
board,tgsjv
location,dguslagf
change,uzsfyw
white,ozalw
text,lwpl
small,kesdd
rating,jslafy
rate,jslw
government,ygnwjfewfl
children,uzadvjwf
during,vmjafy
usa,mks
return,jwlmjf
students,klmvwflk
v,n
shopping,kzghhafy
account,suugmfl
times,laewk
sites,kalwk
level,dwnwd
digital,vayalsd
profile,hjgxadw
previous,hjwnagmk
form,xgje
events,wnwflk
love,dgnw
old,gdv
john,bgzf
main,esaf
call,usdd
hours,zgmjk
image,aesyw
department,vwhsjlewfl
title,laldw
description,vwkujahlagf
non,fgf
k,c
y,q
insurance,afkmjsfuw
another,sfglzwj
why,ozq
shall,kzsdd
property,hjghwjlq
class,udskk
cd,uv
still,kladd
money,egfwq
quality,imsdalq
every,wnwjq
listing,daklafy
content,ugflwfl
country,ugmfljq
private,hjanslw
little,dalldw
visit,nakal
save,ksnw
tools,lggdk
low,dgo
reply,jwhdq
customer,umklgewj
december,vwuwetwj
compare,ugehsjw
movies,egnawk
include,afudmvw
college,ugddwyw
value,nsdmw
article,sjlaudw
york,qgjc
man,esf
card,usjv
jobs,bgtk
provide,hjgnavw
j,b
food,xggv
source,kgmjuw
author,smlzgj
different,vaxxwjwfl
press,hjwkk
u,m
learn,dwsjf
sale,ksdw
around,sjgmfv
print,hjafl
course,ugmjkw
job,bgt
canada,usfsvs
process,hjguwkk
teen,lwwf
room,jgge
stock,klguc
training,ljsafafy
too,lgg
credit,ujwval
point,hgafl
join,bgaf
science,kuawfuw
men,ewf
categories,uslwygjawk
advanced,svnsfuwv
west,owkl
sales,ksdwk
look,dggc
english,wfydakz
left,dwxl
team,lwse
estate,wklslw
box,tgp
conditions,ugfvalagfk
select,kwdwul
windows,oafvgok
photos,hzglgk
gay,ysq
thread,lzjwsv
week,owwc
category,uslwygjq
note,fglw
live,danw
large,dsjyw
gallery,ysddwjq
table,lstdw
register,jwyaklwj
however,zgownwj
june,bmfw
october,gulgtwj
november,fgnwetwj
market,esjcwl
library,datjsjq
really,jwsddq
action,sulagf
start,klsjl
series,kwjawk
model,egvwd
features,xwslmjwk
air,saj
industry,afvmkljq
plan,hdsf
human,zmesf
provided,hjgnavwv
tv,ln
yes,qwk
required,jwimajwv
second,kwugfv
hot,zgl
accessories,suuwkkgjawk
cost,ugkl
movie,egnaw
forums,xgjmek
march,esjuz
la,ds
september,kwhlwetwj
better,twllwj
say,ksq
questions,imwklagfk
july,bmdq
yahoo,qszgg
going,ygafy
medical,ewvausd
test,lwkl
friend,xjawfv
come,ugew
dec,vwu
server,kwjnwj
pc,hu
study,klmvq
application,shhdauslagf
cart,usjl
staff,klsxx
articles,sjlaudwk
san,ksf
feedback,xwwvtsuc
again,sysaf
play,hdsq
looking,dggcafy
issues,akkmwk
april,shjad
never,fwnwj
users,mkwjk
complete,ugehdwlw
street,kljwwl
topic,lghau
comment,ugeewfl
financial,xafsfuasd
things,lzafyk
working,ogjcafy
against,sysafkl
standard,klsfvsjv
tax,lsp
person,hwjkgf
below,twdgo
mobile,egtadw
less,dwkk
got,ygl
blog,tdgy
party,hsjlq
payment,hsqewfl
equipment,wimahewfl
login,dgyaf
student,klmvwfl
let,dwl
programs,hjgyjsek
offers,gxxwjk
legal,dwysd
above,stgnw
recent,jwuwfl
park,hsjc
stores,klgjwk
side,kavw
act,sul
problem,hjgtdwe
red,jwv
give,yanw
memory,ewegjq
performance,hwjxgjesfuw
social,kguasd
q,i
august,smymkl
quote,imglw
language,dsfymsyw
story,klgjq
sell,kwdd
options,ghlagfk
experience,wphwjawfuw
rates,jslwk
create,ujwslw
key,cwq
body,tgvq
young,qgmfy
america,sewjaus
important,aehgjlsfl
field,xawdv
few,xwo
east,wskl
paper,hshwj
single,kafydw
ii,aa
age,syw
activities,sulanalawk
club,udmt
example,wpsehdw
girls,yajdk
additional,svvalagfsd
password,hskkogjv
z,r
latest,dslwkl
something,kgewlzafy
road,jgsv
gift,yaxl
question,imwklagf
changes,uzsfywk
night,fayzl
ca,us
hard,zsjv
texas,lwpsk
oct,gul
pay,hsq
four,xgmj
poker,hgcwj
status,klslmk
browse,tjgokw
issue,akkmw
range,jsfyw
building,tmadvafy
seller,kwddwj
court,ugmjl
february,xwtjmsjq
always,sdosqk
result,jwkmdl
audio,smvag
light,dayzl
write,ojalw
war,osj
nov,fgn
offer,gxxwj
blue,tdmw
groups,yjgmhk
al,sd
easy,wskq
given,yanwf
files,xadwk
event,wnwfl
release,jwdwskw
analysis,sfsdqkak
request,jwimwkl
fax,xsp
china,uzafs
making,escafy
picture,haulmjw
needs,fwwvk
possible,hgkkatdw
might,eayzl
professional,hjgxwkkagfsd
yet,qwl
month,egflz
major,esbgj
star,klsj
areas,sjwsk
future,xmlmjw
space,khsuw
committee,ugeeallww
hand,zsfv
sun,kmf
cards,usjvk
problems,hjgtdwek
london,dgfvgf
washington,oskzafylgf
meeting,ewwlafy
rss,jkk
become,twugew
interest,aflwjwkl
id,av
child,uzadv
keep,cwwh
enter,wflwj
california,usdaxgjfas
porn,hgjf
share,kzsjw
similar,kaeadsj
garden,ysjvwf
schools,kuzggdk
million,eaddagf
added,svvwv
reference,jwxwjwfuw
companies,ugehsfawk
listed,daklwv
baby,tstq
learning,dwsjfafy
energy,wfwjyq
run,jmf
delivery,vwdanwjq
net,fwl
popular,hghmdsj
term,lwje
film,xade
stories,klgjawk
put,hml
computers,ugehmlwjk
journal,bgmjfsd
reports,jwhgjlk
co,ug
try,ljq
welcome,owdugew
central,uwfljsd
images,aesywk
president,hjwkavwfl
notice,fglauw
god,ygv
original,gjayafsd
head,zwsv
radio,jsvag
until,mflad
cell,uwdd
color,ugdgj
self,kwdx
council,ugmfuad
away,sosq
includes,afudmvwk
track,ljsuc
australia,smkljsdas
discussion,vakumkkagf
archive,sjuzanw
once,gfuw
others,glzwjk
entertainment,wflwjlsafewfl
agreement,syjwwewfl
format,xgjesl
least,dwskl
society,kguawlq
months,egflzk
log,dgy
safety,ksxwlq
friends,xjawfvk
sure,kmjw
faq,xsi
trade,ljsvw
edition,wvalagf
cars,usjk
messages,ewkksywk
marketing,esjcwlafy
tell,lwdd
further,xmjlzwj
updated,mhvslwv
association,skkguaslagf
able,stdw
having,zsnafy
provides,hjgnavwk
david,vsnav
fun,xmf
already,sdjwsvq
green,yjwwf
studies,klmvawk
close,udgkw
common,ugeegf
drive,vjanw
specific,khwuaxau
several,kwnwjsd
gold,ygdv
feb,xwt
living,danafy
sep,kwh
collection,ugddwulagf
called,usddwv
short,kzgjl
arts,sjlk
lot,dgl
ask,skc
display,vakhdsq
limited,daealwv
powered,hgowjwv
solutions,kgdmlagfk
means,ewsfk
director,vajwulgj
daily,vsadq
beach,twsuz
past,hskl
natural,fslmjsd
whether,ozwlzwj
due,vmw
et,wl
electronics,wdwuljgfauk
five,xanw
upon,mhgf
period,hwjagv
planning,hdsffafy
database,vslstskw
says,ksqk
official,gxxauasd
weather,owslzwj
mar,esj
land,dsfv
average,snwjsyw
done,vgfw
technical,lwuzfausd
window,oafvgo
france,xjsfuw
pro,hjg
region,jwyagf
island,akdsfv
record,jwugjv
direct,vajwul
microsoft,eaujgkgxl
conference,ugfxwjwfuw
environment,wfnajgfewfl
records,jwugjvk
st,kl
district,vakljaul
calendar,usdwfvsj
costs,ugklk
style,klqdw
url,mjd
front,xjgfl
statement,klslwewfl
update,mhvslw
parts,hsjlk
aug,smy
ever,wnwj
downloads,vgofdgsvk
early,wsjdq
miles,eadwk
sound,kgmfv
resource,jwkgmjuw
present,hjwkwfl
applications,shhdauslagfk
either,walzwj
ago,syg
document,vgumewfl
word,ogjv
works,ogjck
material,eslwjasd
bill,tadd
apr,shj
written,ojallwf
talk,lsdc
federal,xwvwjsd
hosting,zgklafy
rules,jmdwk
final,xafsd
adult,svmdl
tickets,laucwlk
thing,lzafy
centre,uwfljw
requirements,jwimajwewflk
via,nas
cheap,uzwsh
nude,fmvw
kids,cavk
finance,xafsfuw
true,ljmw
minutes,eafmlwk
else,wdkw
mark,esjc
third,lzajv
rock,jguc
gifts,yaxlk
europe,wmjghw
reading,jwsvafy
topics,lghauk
bad,tsv
individual,afvanavmsd
tips,lahk
plus,hdmk
auto,smlg
cover,ugnwj
usually,mkmsddq
edit,wval
together,lgywlzwj
videos,navwgk
percent,hwjuwfl
fast,xskl
function,xmfulagf
fact,xsul
unit,mfal
getting,ywllafy
global,ydgtsd
tech,lwuz
meet,ewwl
far,xsj
economic,wugfgeau
en,wf
player,hdsqwj
projects,hjgbwulk
lyrics,dqjauk
often,gxlwf
subscribe,kmtkujatw
submit,kmteal
germany,ywjesfq
amount,segmfl
watch,osluz
included,afudmvwv
feel,xwwd
though,lzgmyz
bank,tsfc
risk,jakc
thanks,lzsfck
everything,wnwjqlzafy
deals,vwsdk
various,nsjagmk
words,ogjvk
linux,dafmp
jul,bmd
production,hjgvmulagf
commercial,ugeewjuasd
james,bsewk
weight,owayzl
town,lgof
heart,zwsjl
advertising,svnwjlakafy
received,jwuwanwv
choose,uzggkw
treatment,ljwslewfl
newsletter,fwokdwllwj
archives,sjuzanwk
points,hgaflk
knowledge,cfgodwvyw
magazine,esysrafw
error,wjjgj
camera,usewjs
jun,bmf
girl,yajd
currently,umjjwfldq
construction,ugfkljmulagf
toys,lgqk
registered,jwyaklwjwv
clear,udwsj
golf,ygdx
receive,jwuwanw
domain,vgesaf
methods,ewlzgvk
chapter,uzshlwj
makes,escwk
protection,hjglwulagf
policies,hgdauawk
loan,dgsf
wide,oavw
beauty,twsmlq
manager,esfsywj
india,afvas
position,hgkalagf
taken,lscwf
sort,kgjl
listings,daklafyk
models,egvwdk
michael,eauzswd
known,cfgof
half,zsdx
cases,uskwk
step,klwh
engineering,wfyafwwjafy
florida,xdgjavs
simple,kaehdw
quick,imauc
none,fgfw
wireless,oajwdwkk
license,dauwfkw
paul,hsmd
friday,xjavsq
lake,dscw
whole,ozgdw
annual,sffmsd
published,hmtdakzwv
later,dslwj
basic,tskau
sony,kgfq
shows,kzgok
corporate,ugjhgjslw
google,yggydw
church,uzmjuz
method,ewlzgv
purchase,hmjuzskw
customers,umklgewjk
active,sulanw
response,jwkhgfkw
practice,hjsulauw
hardware,zsjvosjw
figure,xaymjw
materials,eslwjasdk
fire,xajw
holiday,zgdavsq
chat,uzsl
enough,wfgmyz
designed,vwkayfwv
along,sdgfy
among,segfy
death,vwslz
writing,ojalafy
speed,khwwv
html,zled
countries,ugmfljawk
loss,dgkk
face,xsuw
brand,tjsfv
discount,vakugmfl
higher,zayzwj
effects,wxxwulk
created,ujwslwv
remember,jwewetwj
standards,klsfvsjvk
oil,gad
bit,tal
yellow,qwddgo
political,hgdalausd
increase,afujwskw
advertise,svnwjlakw
kingdom,cafyvge
base,tskw
near,fwsj
environmental,wfnajgfewflsd
thought,lzgmyzl
stuff,klmxx
french,xjwfuz
storage,klgjsyw
oh,gz
japan,bshsf
doing,vgafy
loans,dgsfk
shoes,kzgwk
entry,wfljq