true,the
true,of
true,and
true,to
true,a
true,in
true,for
true,is
true,on
true,that
true,by
true,this
true,with
true,i
true,you
true,it
true,not
true,or
true,be
true,are
true,from
true,at
true,as
true,your
true,all
true,have
true,new
true,more
true,an
true,was
true,we
true,will
true,home
true,can
true,us
true,about
true,if
true,page
true,my
true,has
true,search
true,free
true,but
true,our
true,one
true,other
true,do
true,no
true,information
true,time
true,they
true,site
true,he
true,up
true,may
true,what
true,which
true,their
true,news
true,out
true,use
true,any
true,there
true,see
true,only
true,so
true,his
true,when
true,contact
true,here
true,business
true,who
true,web
true,also
true,now
true,help
true,get
true,pm
true,view
true,online
true,c
true,e
true,first
true,am
true,been
true,would
true,how
true,were
true,me
true,s
true,services
true,some
true,these
true,click
true,its
true,like
true,service
true,x
true,than
true,find
true,price
true,date
true,back
true,top
true,people
true,had
true,list
true,name
true,just
true,over
true,state
true,year
true,day
true,into
true,email
true,two
true,health
true,n
true,world
true,re
true,next
true,used
true,go
true,b
true,work
true,last
true,most
true,products
true,music
true,buy
true,data
true,make
true,them
true,should
true,product
true,system
true,post
true,her
true,city
true,t
true,add
true,policy
true,number
true,such
true,please
true,available
true,copyright
true,support
true,message
true,after
true,best
true,software
true,then
true,jan
true,good
true,video
true,well
true,d
true,where
true,info
true,rights
true,public
true,books
true,high
true,school
true,through
true,m
true,each
true,links
true,she
true,review
true,years
true,order
true,very
true,privacy
true,book
true,items
true,company
true,r
true,read
true,group
true,sex
true,need
true,many
true,user
true,said
true,de
true,does
true,set
true,under
true,general
true,research
true,university
true,january
true,mail
true,full
true,map
true,reviews
true,program
true,life
true,know
true,games
true,way
true,days
true,management
true,p
true,part
true,could
true,great
true,united
true,hotel
true,real
true,f
true,item
true,international
true,center
true,ebay
true,must
true,store
true,travel
true,comments
true,made
true,development
true,report
true,off
true,member
true,details
true,line
true,terms
true,before
true,hotels
true,did
true,send
true,right
true,type
true,because
true,local
true,those
true,using
true,results
true,office
true,education
true,national
true,car
true,design
true,take
true,posted
true,internet
true,address
true,community
true,within
true,states
true,area
true,want
true,phone
true,dvd
true,shipping
true,reserved
true,subject
true,between
true,forum
true,family
true,l
true,long
true,based
true,w
true,code
true,show
true,o
true,even
true,black
true,check
true,special
true,prices
true,website
true,index
true,being
true,women
true,much
true,sign
true,file
true,link
true,open
true,today
true,technology
true,south
true,case
true,project
true,same
true,pages
true,uk
true,version
true,section
true,own
true,found
true,sports
true,house
true,related
true,security
true,both
true,g
true,county
true,american
true,photo
true,game
true,members
true,power
true,while
true,care
true,network
true,down
true,computer
true,systems
true,three
true,total
true,place
true,end
true,following
true,download
true,h
true,him
true,without
true,per
true,access
true,think
true,north
true,resources
true,current
true,posts
true,big
true,media
true,law
true,control
true,water
true,history
true,pictures
true,size
true,art
true,personal
true,since
true,including
true,guide
true,shop
true,directory
true,board
true,location
true,change
true,white
true,text
true,small
true,rating
true,rate
true,government
true,children
true,during
true,usa
true,return
true,students
true,v
true,shopping
true,account
true,times
true,sites
true,level
true,digital
true,profile
true,previous
true,form
true,events
true,love
true,old
true,john
true,main
true,call
true,hours
true,image
true,department
true,title
true,description
true,non
true,k
true,y
true,insurance
true,another
true,why
true,shall
true,property
true,class
true,cd
true,still
true,money
true,quality
true,every
true,listing
true,content
true,country
true,private
true,little
true,visit
true,save
true,tools
true,low
true,reply
true,customer
true,december
true,compare
true,movies
true,include
true,college
true,value
true,article
true,york
true,man
true,card
true,jobs
true,provide
true,j
true,food
true,source
true,author
true,different
true,press
true,u
true,learn
true,sale
true,around
true,print
true,course
true,job
true,canada
true,process
true,teen
true,room
true,stock
true,training
true,too
true,credit
true,point
true,join
true,science
true,men
true,categories
true,advanced
true,west
true,sales
true,look
true,english
true,left
true,team
true,estate
true,box
true,conditions
true,select
true,windows
true,photos
true,gay
true,thread
true,week
true,category
true,note
true,live
true,large
true,gallery
true,table
true,register
true,however
true,june
true,october
true,november
true,market
true,library
true,really
true,action
true,start
true,series
true,model
true,features
true,air
true,industry
true,plan
true,human
true,provided
true,tv
true,yes
true,required
true,second
true,hot
true,accessories
true,cost
true,movie
true,forums
true,march
true,la
true,september
true,better
true,say
true,questions
true,july
true,yahoo
true,going
true,medical
true,test
true,friend
true,come
true,dec
true,server
true,pc
true,study
true,application
true,cart
true,staff
true,articles
true,san
true,feedback
true,again
true,play
true,looking
true,issues
true,april
true,never
true,users
true,complete
true,street
true,topic
true,comment
true,financial
true,things
true,working
true,against
true,standard
true,tax
true,person
true,below
true,mobile
true,less
true,got
true,blog
true,party
true,payment
true,equipment
true,login
true,student
true,let
true,programs
true,offers
true,legal
true,above
true,recent
true,park
true,stores
true,side
true,act
true,problem
true,red
true,give
true,memory
true,performance
true,social
true,q
true,august
true,quote
true,language
true,story
true,sell
true,options
true,experience
true,rates
true,create
true,key
true,body
true,young
true,america
true,important
true,field
true,few
true,east
true,paper
true,single
true,ii
true,age
true,activities
true,club
true,example
true,girls
true,additional
true,password
true,z
true,latest
true,something
true,road
true,gift
true,question
true,changes
true,night
true,ca
true,hard
true,texas
true,oct
true,pay
true,four
true,poker
true,status
true,browse
true,issue
true,range
true,building
true,seller
true,court
true,february
true,always
true,result
true,audio
true,light
true,write
true,war
true,nov
true,offer
true,blue
true,groups
true,al
true,easy
true,given
true,files
true,event
true,release
true,analysis
true,request
true,fax
true,china
true,making
true,picture
true,needs
true,possible
true,might
true,professional
true,yet
true,month
true,major
true,star
true,areas
true,future
true,space
true,committee
true,hand
true,sun
true,cards
true,problems
true,london
true,washington
true,meeting
true,rss
true,become
true,interest
true,id
true,child
true,keep
true,enter
true,california
true,porn
true,share
true,similar
true,garden
true,schools
true,million
true,added
true,reference
true,companies
true,listed
true,baby
true,learning
true,energy
true,run
true,delivery
true,net
true,popular
true,term
true,film
true,stories
true,put
true,computers
true,journal
true,reports
true,co
true,try
true,welcome
true,central
true,images
true,president
true,notice
true,god
true,original
true,head
true,radio
true,until
true,cell
true,color
true,self
true,council
true,away
true,includes
true,track
true,australia
true,discussion
true,archive
true,once
true,others
true,entertainment
true,agreement
true,format
true,least
true,society
true,months
true,log
true,safety
true,friends
true,sure
true,faq
true,trade
true,edition
true,cars
true,messages
true,marketing
true,tell
true,further
true,updated
true,association
true,able
true,having
true,provides
true,david
true,fun
true,already
true,green
true,studies
true,close
true,common
true,drive
true,specific
true,several
true,gold
true,feb
true,living
true,sep
true,collection
true,called
true,short
true,arts
true,lot
true,ask
true,display
true,limited
true,powered
true,solutions
true,means
true,director
true,daily
true,beach
true,past
true,natural
true,whether
true,due
true,et
true,electronics
true,five
true,upon
true,period
true,planning
true,database
true,says
true,official
true,weather
true,mar
true,land
true,average
true,done
true,technical
true,window
true,france
true,pro
true,region
true,island
true,record
true,direct
true,microsoft
true,conference
true,environment
true,records
true,st
true,district
true,calendar
true,costs
true,style
true,url
true,front
true,statement
true,update
true,parts
true,aug
true,ever
true,downloads
true,early
true,miles
true,sound
true,resource
true,present
true,applications
true,either
true,ago
true,document
true,word
true,works
true,material
true,bill
true,apr
true,written
true,talk
true,federal
true,hosting
true,rules
true,final
true,adult
true,tickets
true,thing
true,centre
true,requirements
true,via
true,cheap
true,nude
true,kids
true,finance
true,true
true,minutes
true,else
true,mark
true,third
true,rock
true,gifts
true,europe
true,reading
true,topics
true,bad
true,individual
true,tips
true,plus
true,auto
true,cover
true,usually
true,edit
true,together
true,videos
true,percent
true,fast
true,function
true,fact
true,unit
true,getting
true,global
true,tech
true,meet
true,far
true,economic
true,en
true,player
true,projects
true,lyrics
true,often
true,subscribe
true,submit
true,germany
true,amount
true,watch
true,included
true,feel
true,though
true,bank
true,risk
true,thanks
true,everything
true,deals
true,various
true,words
true,linux
true,jul
true,production
true,commercial
true,james
true,weight
true,town
true,heart
true,advertising
true,received
true,choose
true,treatment
true,newsletter
true,archives
true,points
true,knowledge
true,magazine
true,error
true,camera
true,jun
true,girl
true,currently
true,construction
true,toys
true,registered
true,clear
true,golf
true,receive
true,domain
true,methods
true,chapter
true,makes
true,protection
true,policies
true,loan
true,wide
true,beauty
true,manager
true,india
true,position
true,taken
true,sort
true,listings
true,models
true,michael
true,known
true,half
true,cases
true,step
true,engineering
true,florida
true,simple
true,quick
true,none
true,wireless
true,license
true,paul
true,friday
true,lake
true,whole
true,annual
true,published
true,later
true,basic
true,sony
true,shows
true,corporate
true,google
true,church
true,method
true,purchase
true,customers
true,active
true,response
true,practice
true,hardware
true,figure
true,materials
true,fire
true,holiday
true,chat
true,enough
true,designed
true,along
true,among
true,death
true,writing
true,speed
true,html
true,countries
true,loss
true,face
true,brand
true,discount
true,higher
true,effects
true,created
true,remember
true,standards
true,oil
true,bit
true,yellow
true,political
true,increase
true,advertise
true,kingdom
true,base
true,near
true,environmental
true,thought
true,stuff
true,french
true,storage
true,oh
true,japan
true,doing
true,loans
true,shoes
false,entry